{"cameraMode":{"drawMode":0,"name":"Shaded","section":"Shading Mode"},"sceneLighting":false,"audioPlay":false,"sceneViewState":{"m_AlwaysRefresh":false,"showFog":true,"showSkybox":false,"showFlares":true,"showImageEffects":true,"showParticleSystems":true,"showVisualEffectGraphs":true,"m_FxEnabled":true},"in2DMode":false,"pivot":{"x":-0.27743303775787356,"y":5.71799898147583,"z":0.4461834132671356},"rotation":{"x":-0.0028496391605585815,"y":-0.9883357882499695,"z":0.15120252966880799,"w":-0.01867547444999218},"size":0.9712882041931152,"orthographic":false}